{
  "64": {
    "n_ctrl": 48,
    "n_stim": 31,
    "variables": {
      "choice_signal": {
        "control_R2_trained": 0.8574490666389465,
        "control_R2_untrained": 0.8106165647506713,
        "control_delta_R2": 0.046832501888275146,
        "photostim_R2_trained": 0.8611956834793091,
        "photostim_R2_untrained": 0.8654391765594482,
        "photostim_delta_R2": -0.00424349308013916,
        "degraded": false
      },
      "delay_stability": {
        "control_R2_trained": -0.6031734866498027,
        "control_R2_untrained": -0.3341505992830851,
        "control_delta_R2": -0.26902288736671764,
        "photostim_R2_trained": -0.4127564832689883,
        "photostim_R2_untrained": 0.12723295617542207,
        "photostim_delta_R2": -0.5399894394444104,
        "degraded": false
      },
      "ramp_signal": {
        "control_R2_trained": 0.8784631220755929,
        "control_R2_untrained": 0.8118501958727287,
        "control_delta_R2": 0.06661292620286419,
        "photostim_R2_trained": -23.8355382401165,
        "photostim_R2_untrained": -29.958247869004733,
        "photostim_delta_R2": 6.122709628888234,
        "degraded": false
      },
      "theta_modulation": {
        "control_R2_trained": 0.3438992161598419,
        "control_R2_untrained": 0.6161557457196454,
        "control_delta_R2": -0.27225652955980345,
        "photostim_R2_trained": 0.7863154226192569,
        "photostim_R2_untrained": 0.6303054198219286,
        "photostim_delta_R2": 0.15601000279732835,
        "degraded": false
      },
      "population_synchrony": {
        "control_R2_trained": 0.9582274277463577,
        "control_R2_untrained": 0.9215653825127813,
        "control_delta_R2": 0.03666204523357641,
        "photostim_R2_trained": 0.9851514128253434,
        "photostim_R2_untrained": 0.8146588781514944,
        "photostim_delta_R2": 0.17049253467384895,
        "degraded": false
      }
    },
    "output_mse_control": 0.025528717786073685,
    "output_mse_photostim": 0.023794297128915787,
    "mse_ratio": 0.9320600168135333
  },
  "128": {
    "n_ctrl": 48,
    "n_stim": 31,
    "variables": {
      "choice_signal": {
        "control_R2_trained": 0.8448703408241272,
        "control_R2_untrained": 0.7663372755050659,
        "control_delta_R2": 0.07853306531906123,
        "photostim_R2_trained": 0.8665133714675903,
        "photostim_R2_untrained": 0.8668978214263916,
        "photostim_delta_R2": -0.00038444995880126953,
        "degraded": true
      },
      "delay_stability": {
        "control_R2_trained": -2.097354213763281,
        "control_R2_untrained": -0.6088240661657423,
        "control_delta_R2": -1.4885301475975388,
        "photostim_R2_trained": 0.20835073721984165,
        "photostim_R2_untrained": -0.015323753407483709,
        "photostim_delta_R2": 0.22367449062732536,
        "degraded": false
      },
      "ramp_signal": {
        "control_R2_trained": 0.6091326423932483,
        "control_R2_untrained": 0.8010918076483435,
        "control_delta_R2": -0.19195916525509527,
        "photostim_R2_trained": -24.523681571141044,
        "photostim_R2_untrained": -22.253362144864177,
        "photostim_delta_R2": -2.270319426276867,
        "degraded": false
      },
      "theta_modulation": {
        "control_R2_trained": 0.8346416271583526,
        "control_R2_untrained": 0.5107233790520523,
        "control_delta_R2": 0.3239182481063002,
        "photostim_R2_trained": 0.7829143150329252,
        "photostim_R2_untrained": 0.7172912660864588,
        "photostim_delta_R2": 0.06562304894646642,
        "degraded": true
      },
      "population_synchrony": {
        "control_R2_trained": 0.9439836489136317,
        "control_R2_untrained": 0.9533288440659714,
        "control_delta_R2": -0.00934519515233967,
        "photostim_R2_trained": 0.9865122196649765,
        "photostim_R2_untrained": 0.9227653961764919,
        "photostim_delta_R2": 0.0637468234884846,
        "degraded": false
      }
    },
    "output_mse_control": 0.025528473779559135,
    "output_mse_photostim": 0.023813890293240547,
    "mse_ratio": 0.9328364280166459
  },
  "256": {
    "n_ctrl": 48,
    "n_stim": 31,
    "variables": {
      "choice_signal": {
        "control_R2_trained": 0.8370929837226868,
        "control_R2_untrained": 0.7432011723518371,
        "control_delta_R2": 0.09389181137084968,
        "photostim_R2_trained": 0.8445578813552856,
        "photostim_R2_untrained": 0.8680644035339355,
        "photostim_delta_R2": -0.023506522178649902,
        "degraded": true
      },
      "delay_stability": {
        "control_R2_trained": -1.0558472466175328,
        "control_R2_untrained": -1.3971886583652917,
        "control_delta_R2": 0.3413414117477589,
        "photostim_R2_trained": -0.4952044046408124,
        "photostim_R2_untrained": 0.05067922967988214,
        "photostim_delta_R2": -0.5458836343206945,
        "degraded": true
      },
      "ramp_signal": {
        "control_R2_trained": 0.8026771217884345,
        "control_R2_untrained": 0.7881498944989949,
        "control_delta_R2": 0.01452722728943967,
        "photostim_R2_trained": -24.916649384283918,
        "photostim_R2_untrained": -24.317992352747005,
        "photostim_delta_R2": -0.5986570315369129,
        "degraded": false
      },
      "theta_modulation": {
        "control_R2_trained": 0.8520290947828105,
        "control_R2_untrained": 0.6271541553834756,
        "control_delta_R2": 0.2248749393993349,
        "photostim_R2_trained": 0.7884860429745247,
        "photostim_R2_untrained": 0.7343353633083975,
        "photostim_delta_R2": 0.05415067966612719,
        "degraded": true
      },
      "population_synchrony": {
        "control_R2_trained": 0.9686076982158867,
        "control_R2_untrained": 0.9501455761706238,
        "control_delta_R2": 0.018462122045262874,
        "photostim_R2_trained": 0.9795473853563439,
        "photostim_R2_untrained": 0.9409913689993754,
        "photostim_delta_R2": 0.03855601635696848,
        "degraded": false
      }
    },
    "output_mse_control": 0.025562897324562073,
    "output_mse_photostim": 0.02381768636405468,
    "mse_ratio": 0.9317287497442432
  }
}